,filename,category
4236,7dafc46643ade617157a1e666bd2e06b.jpg,4
59668,8f9508821709fad3f65288b0146e1260.jpg,9
63017,85b6e54e49c8b9828570ba9cee57fec0.jpg,31
63221,8bc888cd90d7301f82b821474ead3a72.jpg,31
78174,8fe907b42fe7c29b6c43f67e3d68fe0a.jpg,39
78952,daefa6257aa370f7297780f1b6f6238d.jpg,41
80028,cd218cdcd699347d262f9d5e487f39ae.jpg,41
80126,78ea09767a59a7abb72985aab1c3859d.jpg,41
93615,61912e27c51cce9099d81653e484f4b7.jpg,40
94582,eafc09a1fa9012e1a94414cdf1e19c6f.jpg,40
103922,d605c7c7294e592648e52cfbb1b8ceb3.jpg,25
